{
    "parent": "item/generated",
    "textures": {
        "layer0": "item/music_disc_11"
    },
    "overrides": [
        {
            "predicate": {
                "custom_model_data": 1
            },
            "model": "our_music_i:item/music_disc_pixelsshagalovo"
        },
        {
            "predicate": {
                "custom_model_data": 2
            },
            "model": "our_music_i:item/music_disc_brat"
        },
        {
            "predicate": {
                "custom_model_data": 3
            },
            "model": "our_music_i:item/music_disc_granny"
        }
    ]
}