{
    "parent": "item/generated",
    "textures": {
        "layer0": "item/music_disc_11"
    },
    "overrides": [
        {
            "predicate": {
                "custom_model_data": 1
            },
            "model": "infinite_music_discs:item/music_disc_welcometomyislande"
        },
        {
            "predicate": {
                "custom_model_data": 2
            },
            "model": "infinite_music_discs:item/music_disc_macanbigbabytapegospodryadsevenninethreeonefiveninenineseven"
        },
        {
            "predicate": {
                "custom_model_data": 3
            },
            "model": "infinite_music_discs:item/music_disc_miamixobazookarestinpeacemygrannyshegothitbyabazooka"
        }
    ]
}