{
    "music_disc.welcometomyislande": {
        "sounds": [
            {
                "name": "infinite_music_discs:records/welcometomyislande",
                "stream": true
            }
        ]
    },
    "music_disc.macanbigbabytapegospodryadsevenninethreeonefiveninenineseven": {
        "sounds": [
            {
                "name": "infinite_music_discs:records/macanbigbabytapegospodryadsevenninethreeonefiveninenineseven",
                "stream": true
            }
        ]
    },
    "music_disc.miamixobazookarestinpeacemygrannyshegothitbyabazooka": {
        "sounds": [
            {
                "name": "infinite_music_discs:records/miamixobazookarestinpeacemygrannyshegothitbyabazooka",
                "stream": true
            }
        ]
    }
}