{
    "music_disc.pixelsshagalovo": {
        "sounds": [
            {
                "name": "our_music_i:records/pixelsshagalovo",
                "stream": true
            }
        ]
    },
    "music_disc.brat": {
        "sounds": [
            {
                "name": "our_music_i:records/brat",
                "stream": true
            }
        ]
    },
    "music_disc.granny": {
        "sounds": [
            {
                "name": "our_music_i:records/granny",
                "stream": true
            }
        ]
    }
}